{
    "zona_1740976921": {
        "x": 1315.015380859375,
        "y": -758.7164916992188,
        "z": 65.4901123046875,
        "raio": 50,
        "texto": "Operação em Andamento",
        "createdAt": 1740976921
    },
    "zona_1740976793": {
        "x": 1315.015380859375,
        "y": -758.7164916992188,
        "z": 65.4901123046875,
        "raio": 50,
        "texto": "Operação em Andamento",
        "createdAt": 1740976793
    },
    "zona_1740976944": {
        "x": 1315.015380859375,
        "y": -758.7164916992188,
        "z": 65.4901123046875,
        "raio": 50,
        "texto": "Operação em Andamento",
        "createdAt": 1740976944
    }
}