{
    "testecomando1": {
        "x": 290.80877685546877,
        "y": -897.5340576171875,
        "z": 28.3868408203125,
        "raio": 50,
        "createdAt": 1740934479
    },
    "testecomando123": {
        "x": 290.80877685546877,
        "y": -897.5340576171875,
        "z": 28.3868408203125,
        "raio": 50,
        "createdAt": 1740934772
    },
    "testecomando": {
        "x": 290.80877685546877,
        "y": -897.5340576171875,
        "z": 28.3868408203125,
        "raio": 50,
        "createdAt": 1740934399
    },
    "testecomando12": {
        "x": 290.80877685546877,
        "y": -897.5340576171875,
        "z": 28.3868408203125,
        "raio": 50,
        "createdAt": 1740934651
    },
    "teste": {
        "x": 290.80877685546877,
        "y": -897.5340576171875,
        "z": 28.3868408203125,
        "raio": 30,
        "createdAt": 1740934323
    },
    "teste333": {
        "x": 290.80877685546877,
        "y": -897.5340576171875,
        "z": 28.3868408203125,
        "raio": 50,
        "createdAt": 1740933938
    }
}