{
    "testecomando": {
        "y": -897.5340576171875,
        "x": 290.80877685546877,
        "raio": 50,
        "createdAt": 1740934399,
        "z": 28.3868408203125
    },
    "testecomando12": {
        "y": -897.5340576171875,
        "x": 290.80877685546877,
        "raio": 50,
        "createdAt": 1740934651,
        "z": 28.3868408203125
    },
    "testecomando1": {
        "y": -897.5340576171875,
        "x": 290.80877685546877,
        "raio": 50,
        "createdAt": 1740934479,
        "z": 28.3868408203125
    },
    "teste333": {
        "y": -897.5340576171875,
        "x": 290.80877685546877,
        "raio": 50,
        "createdAt": 1740933938,
        "z": 28.3868408203125
    },
    "teste": {
        "y": -897.5340576171875,
        "x": 290.80877685546877,
        "raio": 30,
        "createdAt": 1740934323,
        "z": 28.3868408203125
    },
    "testecomando123": {
        "y": -897.5340576171875,
        "x": 290.80877685546877,
        "raio": 50,
        "createdAt": 1740934772,
        "z": 28.3868408203125
    }
}